<?xml version="1.0" encoding="UTF-8"?>
<schedule name="lpt" appname="pipelined_merge">
 <core coreid="1">
  <task name="task_1" start="0" frequency="1" width="1" workload="32"/>
  <task name="task_3" start="32" frequency="1" width="1" workload="16"/>
  <task name="task_2" start="48" frequency="1" width="1" workload="16"/>
  <task name="task_7" start="64" frequency="1" width="1" workload="8"/>
  <task name="task_6" start="72" frequency="1" width="1" workload="8"/>
  <task name="task_5" start="80" frequency="1" width="1" workload="8"/>
  <task name="task_4" start="88" frequency="1" width="1" workload="8"/>
  <task name="task_13" start="96" frequency="1" width="1" workload="4"/>
  <task name="task_12" start="100" frequency="1" width="1" workload="4"/>
  <task name="task_11" start="104" frequency="1" width="1" workload="4"/>
  <task name="task_10" start="108" frequency="1" width="1" workload="4"/>
  <task name="task_9" start="112" frequency="1" width="1" workload="4"/>
  <task name="task_8" start="116" frequency="1" width="1" workload="4"/>
  <task name="task_15" start="120" frequency="1" width="1" workload="2"/>
  <task name="task_14" start="122" frequency="1" width="1" workload="2"/>
 </core>
</schedule>
